{"loss": [0.2001931071281433, 0.20704147219657898, 0.1973157823085785, 0.19849331676959991, 0.18637214601039886, 0.19136366248130798, 0.1828068345785141, 0.17816726863384247, 0.17453709244728088, 0.16941504180431366, 0.16418588161468506, 0.15577170252799988, 0.1521562784910202, 0.14922086894512177, 0.1439734399318695, 0.137661412358284, 0.13446897268295288, 0.1271846741437912, 0.12777109444141388, 0.11945997178554535, 0.11387751996517181, 0.1143764853477478, 0.10525097697973251, 0.10656695812940598, 0.09890522062778473, 0.09879414737224579, 0.0944337546825409, 0.09405326098203659, 0.08979791402816772, 0.0870686024427414, 0.08450159430503845, 0.07996051013469696, 0.08233523368835449, 0.07512704282999039, 0.0801081582903862, 0.07408647239208221, 0.07423596829175949, 0.07072331756353378, 0.07137749344110489, 0.06843127310276031], "f1-score": [0.0, 0.0, 0.0, 0.0, 2.6903373964159982e-06, 0.00015987613005563617, 0.0010894994484260678, 0.007551233749836683, 0.028773268684744835, 0.06358186155557632, 0.11630029231309891, 0.19181278347969055, 0.2702213525772095, 0.47564008831977844, 0.5787320137023926, 0.6887707710266113, 0.7905187010765076, 0.8160846829414368, 0.8668042421340942, 0.8689103126525879, 0.8778619170188904, 0.9005175828933716, 0.8900808691978455, 0.9142331480979919, 0.9071306586265564, 0.9189032316207886, 0.9127574563026428, 0.9167341589927673, 0.9229122400283813, 0.9288216829299927, 0.9310811758041382, 0.9331809282302856, 0.9333378672599792, 0.9303014874458313, 0.9390370845794678, 0.9341350793838501, 0.9406777024269104, 0.9384112358093262, 0.9441149830818176, 0.9407022595405579], "precision_1": [0.0, 0.0, 0.0, 0.0, 0.976847767829895, 0.9866148233413696, 0.9881700873374939, 0.9750597476959229, 0.9574550986289978, 0.9650406837463379, 0.9426019787788391, 0.9513909220695496, 0.9278510808944702, 0.9528404474258423, 0.9424399137496948, 0.9450116753578186, 0.9530986547470093, 0.9477142095565796, 0.9504317045211792, 0.9482981562614441, 0.9463557600975037, 0.9507492184638977, 0.9436036944389343, 0.9548225998878479, 0.948968231678009, 0.9515895247459412, 0.9467015862464905, 0.9484774470329285, 0.9502660632133484, 0.9526662826538086, 0.9530107975006104, 0.9554847478866577, 0.9523047208786011, 0.9513685703277588, 0.9558612704277039, 0.9526534080505371, 0.9573755860328674, 0.9542301297187805, 0.958113968372345, 0.953724205493927], "recall_1": [0.0, 0.0, 0.0, 0.0, 1.3451705171974027e-06, 7.994454063009471e-05, 0.0005450501921586692, 0.0037902933545410633, 0.014606104232370853, 0.03287388011813164, 0.06197335198521614, 0.10665822774171829, 0.15813826024532318, 0.3169204294681549, 0.41757917404174805, 0.5418480634689331, 0.6753219962120056, 0.7165605425834656, 0.7967031598091125, 0.8017876744270325, 0.8186135292053223, 0.8553276062011719, 0.8423038125038147, 0.8769538402557373, 0.8688262701034546, 0.8883878588676453, 0.8811633586883545, 0.8870468139648438, 0.8970890641212463, 0.9061416387557983, 0.9101380705833435, 0.9118945598602295, 0.915111780166626, 0.9101472496986389, 0.9227948188781738, 0.9163230657577515, 0.924552321434021, 0.9231082797050476, 0.930519163608551, 0.9280311465263367], "accuracy": [0.3525324761867523, 0.327705442905426, 0.4241722524166107, 0.5852199792861938, 0.6791823506355286, 0.7771738767623901, 0.8150563836097717, 0.8380459547042847, 0.8552786707878113, 0.8647624254226685, 0.8862161636352539, 0.8770198225975037, 0.8894816040992737, 0.8950604796409607, 0.8993600606918335, 0.8981329202651978, 0.9093164801597595, 0.9069278836250305, 0.9145814180374146, 0.9127891063690186, 0.9102364182472229, 0.9237834215164185, 0.913240909576416, 0.9324831962585449, 0.925044059753418, 0.9320003986358643, 0.9264999032020569, 0.9283073544502258, 0.9335747361183167, 0.9374845027923584, 0.9387031197547913, 0.9405285716056824, 0.9394253492355347, 0.9368706345558167, 0.944007933139801, 0.9389766454696655, 0.9458913803100586, 0.9424086809158325, 0.9475419521331787, 0.9436022639274597], "mean_iou": [0.11874963343143463, 0.12386797368526459, 0.2204701155424118, 0.4034958779811859, 0.5185576677322388, 0.6373083591461182, 0.6913037300109863, 0.7253748178482056, 0.7432684302330017, 0.763114333152771, 0.7902640104293823, 0.7832608222961426, 0.798653781414032, 0.8109511137008667, 0.8166190981864929, 0.8142999410629272, 0.8344718217849731, 0.8298038244247437, 0.8426229357719421, 0.8384784460067749, 0.8386029005050659, 0.855685830116272, 0.8439245223999023, 0.8710328340530396, 0.863472580909729, 0.8720930814743042, 0.8641806840896606, 0.8674157857894897, 0.8747038841247559, 0.8830577731132507, 0.8837671279907227, 0.8915055990219116, 0.8825830817222595, 0.8856226801872253, 0.8903329372406006, 0.8884705901145935, 0.8958870768547058, 0.892399787902832, 0.9003037810325623, 0.8944035768508911], "val_loss": [1.1096738576889038, 1.048486590385437, 0.9903256297111511, 0.9678948521614075, 0.9368271231651306, 0.8764621019363403, 0.8753265738487244, 0.8382679224014282, 0.8234097361564636, 0.8976303339004517, 0.8189638257026672, 0.799019992351532, 0.7407823801040649, 0.7334548830986023, 0.7040913701057434, 0.7314180731773376, 0.700097382068634, 0.7049914598464966, 0.6369690299034119, 0.6250285506248474, 0.6021501421928406, 0.5817276835441589, 0.5892784595489502, 0.55186527967453, 0.5472752451896667, 0.5339873433113098, 0.5111917853355408, 0.5066974759101868, 0.5253834128379822, 0.46096691489219666, 0.4582529664039612, 0.4377760887145996, 0.4643193185329437, 0.4595946967601776, 0.5663453340530396, 0.41820961236953735, 0.4540601670742035, 0.5626087784767151, 0.42234164476394653, 0.5731131434440613], "val_f1-score": [0.0, 0.0, 0.0, 0.0, 1.731389966153074e-05, 0.001604120247066021, 0.0036595400888472795, 0.11588315665721893, 0.1421438604593277, 0.26173391938209534, 0.3541332185268402, 0.5042600035667419, 0.7085539102554321, 0.78484046459198, 0.8416843414306641, 0.6937218904495239, 0.8295095562934875, 0.829830527305603, 0.8886719346046448, 0.8738704323768616, 0.8852815628051758, 0.8906814455986023, 0.9052950739860535, 0.9156545996665955, 0.8900904655456543, 0.9175885319709778, 0.9203787446022034, 0.901373028755188, 0.8835178017616272, 0.9334569573402405, 0.938555896282196, 0.9293093681335449, 0.9019606113433838, 0.9166595339775085, 0.8424611687660217, 0.9163421988487244, 0.8903391361236572, 0.8417524099349976, 0.902699887752533, 0.8274683952331543], "val_precision_1": [0.0, 0.0, 0.0, 0.0, 0.9652777910232544, 0.9514985680580139, 0.24659669399261475, 0.9800129532814026, 0.9887218475341797, 0.6964430809020996, 0.9738481044769287, 0.9581344723701477, 0.9690916538238525, 0.9511809945106506, 0.9641587734222412, 0.9437516331672668, 0.9328182339668274, 0.9352555871009827, 0.9491156339645386, 0.941653311252594, 0.9335934519767761, 0.9560493230819702, 0.9460093379020691, 0.9519640207290649, 0.9584159851074219, 0.9580851197242737, 0.9469472765922546, 0.9364080429077148, 0.9321552515029907, 0.9586507678031921, 0.9626637697219849, 0.9502658843994141, 0.9250600337982178, 0.9368160367012024, 0.8609610795974731, 0.9347578287124634, 0.9051603078842163, 0.8723915219306946, 0.9218353033065796, 0.8389866352081299], "val_recall_1": [0.0, 0.0, 0.0, 0.0, 8.657027137815021e-06, 0.0008027368457987905, 0.0018434484954923391, 0.0615825392305851, 0.07657644897699356, 0.16114787757396698, 0.2164156436920166, 0.3421712815761566, 0.5584232211112976, 0.6680187582969666, 0.7468180656433105, 0.5484264492988586, 0.7468020915985107, 0.7457653880119324, 0.8354659080505371, 0.8151906132698059, 0.8417237401008606, 0.833680272102356, 0.8679407238960266, 0.8820133209228516, 0.8308585286140442, 0.8803765177726746, 0.8952602744102478, 0.8688651323318481, 0.8397044539451599, 0.9095533490180969, 0.9156258702278137, 0.9092572331428528, 0.8799867630004883, 0.8973520398139954, 0.8247395753860474, 0.8986381888389587, 0.875995397567749, 0.8131923675537109, 0.8843429088592529, 0.8162621259689331],