{"loss": [0.19873657822608948, 0.20911827683448792, 0.20157797634601593, 0.20105141401290894, 0.18340228497982025, 0.1932525634765625, 0.18103456497192383, 0.17528457939624786, 0.1766156703233719, 0.16806931793689728, 0.1637677252292633, 0.15410271286964417, 0.15470270812511444, 0.14798907935619354, 0.148670494556427, 0.14095889031887054, 0.140337735414505, 0.13354717195034027, 0.13370972871780396], "f1-score": [0.0, 0.0, 0.0, 0.00043240500963293016, 0.006095853168517351, 0.022364607080817223, 0.11633159965276718, 0.21641676127910614, 0.2688409090042114, 0.3939867317676544, 0.37559840083122253, 0.44841358065605164, 0.4679464101791382, 0.5332691073417664, 0.5652202367782593, 0.5941052436828613, 0.6685351729393005, 0.676321268081665, 0.7226695418357849], "precision_1": [0.0, 0.0, 0.0, 0.9779460430145264, 0.9729493260383606, 0.9650893807411194, 0.9513037204742432, 0.9381208419799805, 0.9160059690475464, 0.9250211119651794, 0.8925684690475464, 0.9059567451477051, 0.9047802090644836, 0.9114505648612976, 0.9091314077377319, 0.9100499153137207, 0.9181073307991028, 0.9146974682807922, 0.9285469651222229], "recall_1": [0.0, 0.0, 0.0, 0.00021625030785799026, 0.0030575047712773085, 0.011313389986753464, 0.06195386126637459, 0.12231716513633728, 0.15753865242004395, 0.25029680132865906, 0.2378418743610382, 0.29794156551361084, 0.3155815601348877, 0.37688925862312317, 0.4100894331932068, 0.4410014748573303, 0.5256468057632446, 0.5365046262741089, 0.5915181636810303], "accuracy": [0.34823787212371826, 0.50604647397995, 0.5228332281112671, 0.5972995162010193, 0.5790331959724426, 0.6637088060379028, 0.6610256433486938, 0.6966540217399597, 0.7756198644638062, 0.7877641320228577, 0.8523064851760864, 0.8415011167526245, 0.8709829449653625, 0.8632813692092896, 0.8774970173835754, 0.8696398735046387, 0.8843650221824646, 0.8792967200279236, 0.8968952894210815], "mean_iou": [0.16934649646282196, 0.28725260496139526, 0.31624218821525574, 0.3776794672012329, 0.37634167075157166, 0.4454387128353119, 0.45915526151657104, 0.5116688013076782, 0.6131550073623657, 0.6368198394775391, 0.7327703833580017, 0.7240304350852966, 0.7671746015548706, 0.7578889727592468, 0.7784044742584229, 0.768096387386322, 0.7906491160392761, 0.7846409678459167, 0.8120296001434326], "val_loss": [1.1177210807800293, 1.114547610282898, 1.133111596107483, 1.119131088256836, 1.0832880735397339, 1.0786490440368652, 1.0680935382843018, 1.1048887968063354, 1.031299352645874, 1.08491849899292, 1.0646098852157593, 1.0195783376693726, 1.022715449333191, 0.9917006492614746, 1.1081167459487915, 1.089195728302002, 1.0423504114151, 1.0794757604599, 1.146762490272522], "val_f1-score": [0.0, 5.978904482617509e-06, 0.001003878889605403, 0.003471815725788474, 0.01381269097328186, 0.03897324949502945, 0.0443534255027771, 0.04206475242972374, 0.052911125123500824, 0.055359043180942535, 0.056691110134124756, 0.16858458518981934, 0.1370423287153244, 0.22388030588626862, 0.0921633243560791, 0.17984862625598907, 0.22962692379951477, 0.2611923813819885, 0.16499917209148407], "val_precision_1": [0.0, 0.3664121925830841, 0.1322738379240036, 0.14250576496124268, 0.247474804520607, 0.18792489171028137, 0.1628945767879486, 0.0953209400177002, 0.19010917842388153, 0.12086274474859238, 0.124472476541996, 0.34696751832962036, 0.31999582052230835, 0.47278010845184326, 0.16683366894721985, 0.30794474482536316, 0.37976762652397156, 0.3825750946998596, 0.23432232439517975], "val_recall_1": [0.0, 2.989476797665702e-06, 0.000503851450048387, 0.001757314195856452, 0.007104616612195969, 0.021741032600402832, 0.025671696290373802, 0.02698700502514839, 0.030732259154319763, 0.03590156137943268, 0.036703988909721375, 0.11134163290262222, 0.087191641330719, 0.14666634798049927, 0.06366745382547379, 0.12701433897018433, 0.16456596553325653, 0.19828185439109802, 0.12732936441898346], "val_accuracy": [0.23604772984981537, 0.23656116425991058, 0.15000124275684357, 0.17161665856838226, 0.38263142108917236, 0.41920673847198486, 0.5216576457023621, 0.44009265303611755, 0.6970296502113342, 0.5737988948822021, 0.5915417671203613, 0.6402119994163513, 0.6608657240867615, 0.690784215927124, 0.5144620537757874, 0.5516462922096252, 0.6056787967681885, 0.517130434513092, 0.4652650058269501], "val_mean_iou": [0.1401539295911789, 0.1494174301624298, 0.0879221260547638, 0.13420909643173218, 0.31826290488243103, 0.334040105342865, 0.3712233901023865, 0.34765321016311646, 0.5129379034042358, 0.4235919117927551, 0.4482422471046448, 0.4794613718986511, 0.4777161478996277, 0.4942420721054077, 0.377726286649704, 0.3831316828727722, 0.4362783133983612, 0.3749651312828064, 0.3442915678024292], "lr": [9.999999747378752e-05, 9.999999747378752e-05, 9.999999747378752e-05, 9.999999747378752e-05, 9.999999747378752e-05, 9.999999747378752e-05, 9.999999747378752e-05, 9.999999747378752e-05, 9.999999747378752e-05, 9.999999747378752e-05, 9.999999747378752e-05, 9.999999747378752e-05, 9.999999747378752e-05, 9.999999747378752e-05, 9.999999747378752e-05, 9.999999747378752e-05, 9.999999747378752e-05, 9.999999747378752e-05, 9.999999747378752e-05]}