{"loss": [0.20042239129543304, 0.21049584448337555, 0.19787141680717468, 0.20078760385513306, 0.18725520372390747, 0.18915139138698578, 0.17311103641986847, 0.17348051071166992, 0.16545981168746948, 0.1560252606868744, 0.15613430738449097, 0.14498385787010193, 0.14738403260707855, 0.14017774164676666, 0.13579061627388, 0.12830482423305511, 0.12981945276260376, 0.12073317915201187, 0.1227589026093483, 0.11708590388298035, 0.11377792805433273, 0.11318961530923843, 0.10757867246866226, 0.10696443170309067, 0.10288801789283752, 0.1037350744009018, 0.096709705889225, 0.09693839401006699, 0.09415480494499207, 0.0929526537656784, 0.0899464339017868, 0.08672958612442017, 0.08443037420511246, 0.08165494352579117, 0.08201619237661362, 0.0774235650897026, 0.07858161628246307, 0.07632672041654587, 0.07349365204572678, 0.06962212920188904], "f1-score": [0.0, 0.0, 0.0, 0.0003545907384250313, 0.019376061856746674, 0.10492861270904541, 0.2412884533405304, 0.3370058238506317, 0.386432409286499, 0.4937087595462799, 0.512075662612915, 0.6112319231033325, 0.6360113620758057, 0.6776306629180908, 0.6872609853744507, 0.6914446353912354, 0.7330382466316223, 0.7121540307998657, 0.7300660610198975, 0.7366726994514465, 0.7273377180099487, 0.7883994579315186, 0.7795552611351013, 0.8616712093353271, 0.8592941761016846, 0.8894305229187012, 0.8971462249755859, 0.9062719345092773, 0.9119965434074402, 0.9143844246864319, 0.9260905981063843, 0.9210625290870667, 0.9326927661895752, 0.932577908039093, 0.9319705367088318, 0.9317896366119385, 0.9399649500846863, 0.9369421005249023, 0.9407174587249756, 0.9472055435180664], "precision_1": [0.0, 0.0, 0.0, 0.9803352355957031, 0.9725986123085022, 0.9701440334320068, 0.960989236831665, 0.9479244947433472, 0.9329278469085693, 0.9422836303710938, 0.9360249638557434, 0.9371581077575684, 0.937763512134552, 0.9358323812484741, 0.9324558973312378, 0.9288327693939209, 0.9419028759002686, 0.9336833357810974, 0.9399765133857727, 0.9326539635658264, 0.9384030699729919, 0.9464312791824341, 0.9384294748306274, 0.9495872259140015, 0.942977249622345, 0.9455006122589111, 0.9485888481140137, 0.9493853449821472, 0.9498902559280396, 0.9485346078872681, 0.9552253484725952, 0.9501563310623169, 0.9564581513404846, 0.9562398791313171, 0.9521251320838928, 0.9530711770057678, 0.9572646021842957, 0.9550136923789978, 0.9574035406112671, 0.9607645869255066], "recall_1": [0.0, 0.0, 0.0, 0.00017732744163367897, 0.009785504080355167, 0.05546372011303902, 0.13796451687812805, 0.20493151247501373, 0.24368523061275482, 0.33447951078414917, 0.352444589138031, 0.453509658575058, 0.4811784327030182, 0.5310976505279541, 0.5441685914993286, 0.5506988167762756, 0.5999916195869446, 0.5755878686904907, 0.5967934131622314, 0.6087535619735718, 0.593783974647522, 0.6755914688110352, 0.6666864156723022, 0.7886548638343811, 0.7892531752586365, 0.8396382927894592, 0.850996196269989, 0.8669041395187378, 0.8770101070404053, 0.8826075196266174, 0.8986803293228149, 0.8936973214149475, 0.9100797176361084, 0.9100586771965027, 0.912651538848877, 0.9114378690719604, 0.9232795238494873, 0.9195419549942017, 0.9246030449867249, 0.9340239763259888], "accuracy": [0.3080361783504486, 0.3963509798049927, 0.4263101816177368, 0.596430778503418, 0.5982694625854492, 0.6398728489875793, 0.644957423210144, 0.7269284725189209, 0.8003495931625366, 0.8179408311843872, 0.8725839853286743, 0.8658446073532104, 0.8841326832771301, 0.8802398443222046, 0.8898817896842957, 0.8931057453155518, 0.9088402986526489, 0.9015021324157715, 0.9093055725097656, 0.9058385491371155, 0.9127771258354187, 0.9196606874465942, 0.9182447791099548, 0.9228014945983887, 0.9162989258766174, 0.9195481538772583, 0.9267119765281677, 0.9265270829200745, 0.9304042458534241, 0.9296433925628662, 0.9385350942611694, 0.9338085055351257, 0.9421446919441223, 0.9421625733375549, 0.9393824338912964, 0.940345287322998, 0.9457868337631226, 0.9431943893432617, 0.9459108114242554, 0.9518524408340454], "mean_iou": [0.10799622535705566, 0.16658170521259308, 0.23478691279888153, 0.3796233534812927, 0.3963046967983246, 0.4317805767059326, 0.4554480314254761, 0.5503906011581421, 0.6542818546295166, 0.6866105794906616, 0.7672514915466309, 0.7616939544677734, 0.7884029150009155, 0.7844455242156982, 0.8002673387527466, 0.8081433176994324, 0.8297308683395386, 0.8224517703056335, 0.8335217237472534, 0.8262194395065308, 0.8420554995536804, 0.8478274345397949, 0.8512853384017944, 0.8530912399291992, 0.8481807708740234, 0.850104033946991, 0.8650016784667969, 0.8637555837631226, 0.8699097037315369, 0.8706725835800171, 0.8815346956253052, 0.8784019947052002, 0.8887382745742798, 0.8930424451828003, 0.8849743604660034, 0.8903750777244568, 0.8964254260063171, 0.8932377099990845, 0.8976715803146362, 0.9079569578170776], "val_loss": [1.110854983329773, 1.1066986322402954, 1.1003235578536987, 1.070789098739624, 1.0027817487716675, 0.9590156674385071, 0.9406213760375977, 0.9202795028686523, 0.8870336413383484, 0.8623678088188171, 0.8406141400337219, 0.8197693824768066, 0.7898576855659485, 0.7877393364906311, 0.7535964846611023, 0.738600492477417, 0.7270213961601257, 0.6935021281242371, 0.6779223680496216, 0.655755877494812, 0.6301707625389099, 0.6250149607658386, 0.6226553916931152, 0.5941431522369385, 0.6342523097991943, 0.5829834938049316, 0.5863038301467896, 0.5532695651054382, 0.5552340745925903, 0.5464430451393127, 0.542443037033081, 0.541049599647522, 0.4924495816230774, 0.4984108507633209, 0.4875175952911377, 0.46712765097618103, 0.4507756233215332, 0.46249446272850037, 0.4503757655620575, 0.4224322438240051], "val_f1-score": [0.0, 0.0, 1.0338497304474004e-05, 0.02287866175174713, 0.10421440750360489, 0.22692884504795074, 0.2255624234676361, 0.21345265209674835, 0.287984699010849, 0.4080679416656494, 0.41801607608795166, 0.4495738744735718, 0.4771488308906555, 0.46777111291885376, 0.4889845550060272, 0.49820297956466675, 0.4917430877685547, 0.5069456100463867, 0.5097758173942566, 0.6364668011665344, 0.6787846088409424, 0.8724004030227661, 0.8353950381278992, 0.8975445032119751, 0.852938711643219, 0.9073819518089294, 0.8989444375038147, 0.9225370287895203, 0.9107226729393005, 0.9117289781570435, 0.9083191156387329, 0.9094191789627075, 0.9306511878967285, 0.9303379058837891, 0.9286938905715942, 0.9361504912376404, 0.9437913298606873, 0.9318757653236389, 0.9326846599578857, 0.9443965554237366], "val_precision_1": [0.0, 0.0, 0.4882352948188782, 0.5146449208259583, 0.8939141035079956, 0.9610785841941833, 0.9305627942085266, 0.921887993812561, 0.9260337948799133, 0.9516584873199463, 0.9602673649787903, 0.9663137197494507, 0.9479973316192627, 0.923679530620575, 0.9502872824668884, 0.9200652241706848, 0.9375621676445007, 0.9150843024253845, 0.9208078384399414, 0.9253830909729004, 0.9555647373199463, 0.9543046355247498, 0.9474326372146606, 0.9457864761352539, 0.9145231246948242, 0.9434061050415039, 0.935829222202301, 0.953150749206543, 0.9377400875091553, 0.9378551244735718, 0.9342097043991089, 0.9352681636810303, 0.9522703289985657, 0.9532294869422913, 0.9488915205001831, 0.9567264914512634, 0.961276650428772, 0.9478858709335327, 0.9474959969520569, 0.9574916362762451], "val_recall_1": [0.0, 0.0, 5.169303676666459e-06, 0.011699380353093147, 0.05533260107040405, 0.1286531388759613, 0.12833499908447266, 0.12069962918758392, 0.17050474882125854, 0.25971683859825134, 0.2671562135219574, 0.2929289937019348, 0.3188054859638214, 0.3131881356239319, 0.3291861116886139, 0.34158268570899963, 0.33327019214630127, 0.3505818247795105, 0.3524489402770996, 0.4850332736968994, 0.5263320803642273, 0.8034440279006958, 0.7470531463623047, 0.853985071182251, 0.7991251349449158, 0.8740077614784241, 0.8648568987846375, 0.8938286900520325, 0.8852185010910034, 0.8870189785957336, 0.8838249444961548, 0.8849606513977051, 0.909991979598999, 0.9085202217102051, 0.9093380570411682, 0.9164409041404724, 0.9269306063652039, 0.9163975119590759, 0.9183292388916016, 0.9316547513008118],