{"loss": [0.14861640334129333, 0.08893446624279022, 0.07733309268951416, 0.0721149817109108, 0.0695381686091423, 0.06084585562348366, 0.05310455709695816, 0.056138284504413605, 0.04957152158021927, 0.05210885405540466, 0.044789545238018036, 0.04365526884794235, 0.046606410294771194, 0.040844161063432693, 0.048171889036893845, 0.041675813496112823, 0.04022149369120598, 0.03949287161231041, 0.04048680514097214, 0.038491275161504745, 0.035562675446271896, 0.03470388054847717, 0.03310507908463478, 0.033893782645463943, 0.03266420215368271], "f1-score": [0.619696855545044, 0.808983325958252, 0.8263653516769409, 0.8566636443138123, 0.8513059020042419, 0.8744487166404724, 0.8880243301391602, 0.8857815265655518, 0.9022422432899475, 0.888296902179718, 0.9115992188453674, 0.908418595790863, 0.9071138501167297, 0.9136203527450562, 0.9056004881858826, 0.9147579073905945, 0.9209902882575989, 0.9183299541473389, 0.9191907048225403, 0.9224406480789185, 0.9285923838615417, 0.9324689507484436, 0.9298767447471619, 0.9331839680671692, 0.9336063861846924], "precision_1": [0.7042703032493591, 0.8306910395622253, 0.8450367450714111, 0.8700807094573975, 0.86430424451828, 0.8862596750259399, 0.8975813984870911, 0.8944841027259827, 0.9087457060813904, 0.8956995010375977, 0.9173503518104553, 0.914300262928009, 0.9117891192436218, 0.9190987944602966, 0.9108096361160278, 0.9202882647514343, 0.9247395992279053, 0.9229435324668884, 0.9228499531745911, 0.9265565872192383, 0.9323130249977112, 0.9348933100700378, 0.9329808950424194, 0.9352803230285645, 0.936101496219635], "recall_1": [0.5532580018043518, 0.7883812785148621, 0.8085010647773743, 0.8436540961265564, 0.8386927843093872, 0.8629483580589294, 0.8786685466766357, 0.8772467374801636, 0.8958311080932617, 0.8810157775878906, 0.9059197306632996, 0.902612030506134, 0.902486264705658, 0.9082069396972656, 0.900450587272644, 0.9092937111854553, 0.9172711372375488, 0.9137622714042664, 0.9155603051185608, 0.9183611273765564, 0.9249011278152466, 0.9300569891929626, 0.9267932772636414, 0.9310970306396484, 0.9311244487762451], "accuracy": [0.6461841464042664, 0.8122353553771973, 0.8288635015487671, 0.8577709197998047, 0.8526915311813354, 0.8754710555076599, 0.8887256979942322, 0.8863802552223206, 0.902579665184021, 0.8885350227355957, 0.9119784832000732, 0.9087054133415222, 0.9072456359863281, 0.9140418767929077, 0.9058637022972107, 0.9150914549827576, 0.9211351275444031, 0.9185582399368286, 0.9193174839019775, 0.9226011037826538, 0.9288769364356995, 0.9325772523880005, 0.929968535900116, 0.9332041144371033, 0.9337069392204285], "mean_iou": [0.4785113036632538, 0.6792798042297363, 0.711613118648529, 0.7502909898757935, 0.7453653812408447, 0.7814931273460388, 0.8011579513549805, 0.7998496294021606, 0.8203802108764648, 0.8033814430236816, 0.8372368216514587, 0.8367654085159302, 0.8295331001281738, 0.8461920619010925, 0.8287485837936401, 0.845168948173523, 0.8522455096244812, 0.8507398962974548, 0.8528692722320557, 0.8573139905929565, 0.8706116080284119, 0.871457040309906, 0.8740474581718445, 0.874876856803894, 0.8779337406158447], "val_loss": [1.4944841861724854, 0.7553541660308838, 0.4231504499912262, 0.3431849777698517, 0.24809630215168, 0.24298810958862305, 0.14655588567256927, 0.1360418051481247, 0.13192985951900482, 0.11382053047418594, 0.12230730056762695, 0.11924026161432266, 0.1198294535279274, 0.12901492416858673, 0.1098758801817894, 0.10895206779241562, 0.11538499593734741, 0.11316113919019699, 0.13231058418750763, 0.10303212702274323, 0.13567082583904266, 0.11555798351764679, 0.11185593903064728, 0.11039866507053375, 0.11849784106016159], "val_f1-score": [0.6063480377197266, 0.8080214858055115, 0.8615288138389587, 0.9015969634056091, 0.9172059893608093, 0.9226551651954651, 0.9464483261108398, 0.9481200575828552, 0.9512113332748413, 0.9564825296401978, 0.9526919722557068, 0.9537026882171631, 0.9515182971954346, 0.9491286277770996, 0.9577071070671082, 0.9574870467185974, 0.9543440937995911, 0.954802930355072, 0.9474225640296936, 0.9594606161117554, 0.9444918036460876, 0.9536605477333069, 0.9547882676124573, 0.9560418725013733, 0.9517401456832886], "val_precision_1": [0.6130030155181885, 0.8190082311630249, 0.8672482371330261, 0.9033290147781372, 0.919171929359436, 0.9239100217819214, 0.9473062753677368, 0.9490216970443726, 0.9519176483154297, 0.9576758742332458, 0.9537173509597778, 0.9549382925033569, 0.9525068998336792, 0.9507832527160645, 0.9584743976593018, 0.9584226012229919, 0.9551951289176941, 0.9558411836624146, 0.9486271739006042, 0.9603543877601624, 0.9461541175842285, 0.9545710682868958, 0.9560067653656006, 0.9567814469337463, 0.952643096446991], "val_recall_1": [0.599835991859436, 0.7973257899284363, 0.8558843731880188, 0.8998715877532959, 0.9152482151985168, 0.9214038848876953, 0.9455916881561279, 0.9472202658653259, 0.9505059719085693, 0.9552921652793884, 0.9516687989234924, 0.9524703025817871, 0.9505317211151123, 0.9474799036979675, 0.9569408297538757, 0.9565533399581909, 0.953494668006897, 0.9537668824195862, 0.9462209343910217, 0.958568274974823, 0.9428355097770691, 0.9527516961097717, 0.9535728096961975, 0.9553034901618958, 0.9508388638496399], "val_accuracy": [0.606221079826355, 0.8063004612922668, 0.8619129061698914, 0.9016731381416321, 0.9173815250396729, 0.9227305054664612, 0.9464951753616333, 0.9481698870658875, 0.9512433409690857, 0.9566035270690918, 0.952750027179718, 0.9537872076034546, 0.9516039490699768, 0.9492338299751282, 0.9577690958976746, 0.9575782418251038, 0.9543393850326538, 0.9548869729042053, 0.9474451541900635, 0.9595544338226318, 0.9446284770965576, 0.9537226557731628, 0.9548880457878113, 0.9560835361480713, 0.9518463611602783], "val_mean_iou": [0.3165440559387207, 0.5478473901748657, 0.6416219472885132, 0.700592041015625, 0.7339491844177246, 0.7341227531433105, 0.7756361961364746, 0.7840660810470581, 0.7967740893363953, 0.8038081526756287, 0.8018779754638672, 0.8063050508499146, 0.7984632253646851, 0.7932097911834717, 0.8170496225357056, 0.8193295001983643, 0.805749773979187, 0.8115629553794861, 0.790643572807312, 0.8270012736320496, 0.7886394262313843, 0.811234176158905, 0.8140639662742615, 0.8179437518119812, 0.8036423921585083], "lr": [9.999999747378752e-05, 9.999999747378752e-05, 9.999999747378752e-05, 9.999999747378752e-05, 9.999999747378752e-05, 9.999999747378752e-05, 9.999999747378752e-05, 9.999999747378752e-05, 9.999999747378752e-05, 9.999999747378752e-05, 9.999999747378752e-05, 9.999999747378752e-05, 9.999999747378752e-05, 9.999999747378752e-05, 9.999999747378752e-05, 9.999999747378752e-05, 9.999999747378752e-05, 9.999999747378752e-05, 9.999999747378752e-05, 9.999999747378752e-05, 9.999999747378752e-05, 9.999999747378752e-05, 9.999999747378752e-05, 9.999999747378752e-05, 9.999999747378752e-05]}