{"loss": [0.14385883510112762, 0.08461400121450424, 0.07692304998636246, 0.06477439403533936, 0.060386791825294495, 0.05820116028189659, 0.05279918387532234, 0.051438432186841965, 0.04785311222076416, 0.0488932803273201, 0.0429258868098259], "f1-score": [0.6443589925765991, 0.8218652009963989, 0.83211749792099, 0.8667182326316833, 0.8694788813591003, 0.8826578855514526, 0.8914713859558105, 0.8948975205421448, 0.9023563861846924, 0.8999821543693542, 0.9145846366882324], "precision_1": [0.7125430107116699, 0.849342405796051, 0.8510280251502991, 0.8790321946144104, 0.8796026706695557, 0.8920759558677673, 0.899605393409729, 0.9018601179122925, 0.9079529643058777, 0.9068570137023926, 0.9195585250854492], "recall_1": [0.5880845189094543, 0.7961101531982422, 0.8140290975570679, 0.8547444939613342, 0.8595855236053467, 0.8734368085861206, 0.8834829330444336, 0.8880413770675659, 0.8968284130096436, 0.8932108879089355, 0.9096642732620239], "accuracy": [0.6614299416542053, 0.8273207545280457, 0.8357456922531128, 0.8685880899429321, 0.870760977268219, 0.8838266134262085, 0.8922379612922668, 0.8956520557403564, 0.9028329849243164, 0.9006669521331787, 0.9149469137191772], "mean_iou": [0.4890030026435852, 0.7062867879867554, 0.7206525802612305, 0.7701034545898438, 0.7748772501945496, 0.7944108247756958, 0.8035637736320496, 0.8156949877738953, 0.8227908611297607, 0.8235262632369995, 0.8407050967216492], "val_loss": [1.0979636907577515, 0.3560211658477783, 0.3020232617855072, 0.19774408638477325, 0.284576952457428, 0.19617341458797455, 0.45334291458129883, 0.4872009754180908, 0.6079035997390747, 0.7854722738265991, 0.4913961589336395], "val_f1-score": [0.7258719205856323, 0.9172083735466003, 0.9099569916725159, 0.9350597262382507, 0.9367149472236633, 0.9384782314300537, 0.9291346669197083, 0.9212528467178345, 0.9252466559410095, 0.9286410212516785, 0.9327111840248108], "val_precision_1": [0.7331937551498413, 0.9197521805763245, 0.9137289524078369, 0.9364702701568604, 0.9388377666473389, 0.939890444278717, 0.9306648969650269, 0.9230523109436035, 0.9264987707138062, 0.9297072887420654, 0.9341906905174255], "val_recall_1": [0.718694806098938, 0.9146785140037537, 0.9062160849571228, 0.9336534738540649, 0.9346017241477966, 0.9370702505111694, 0.9276096224784851, 0.9194604158401489, 0.9239979982376099, 0.927577018737793, 0.9312364459037781], "val_accuracy": [0.726695716381073, 0.917551577091217, 0.9107440114021301, 0.935279905796051, 0.9370421767234802, 0.9384720921516418, 0.9291487336158752, 0.9210814237594604, 0.9251402616500854, 0.9286116361618042, 0.9325906038284302], "val_mean_iou": [0.48793062567710876, 0.657567024230957, 0.6633228063583374, 0.7252053022384644, 0.7421722412109375, 0.758460521697998, 0.7215036153793335, 0.7240120768547058, 0.7171227335929871, 0.7545243501663208, 0.7322642803192139], "lr": [9.999999747378752e-05, 9.999999747378752e-05, 9.999999747378752e-05, 9.999999747378752e-05, 9.999999747378752e-05, 9.999999747378752e-05, 9.999999747378752e-05, 9.999999747378752e-05, 9.999999747378752e-05, 9.999999747378752e-05, 9.999999747378752e-05]}