{"loss": [0.15223084390163422, 0.09462741762399673, 0.08449338376522064, 0.07400815933942795, 0.07283097505569458, 0.06521075963973999, 0.0659622848033905, 0.06376612186431885, 0.060272518545389175, 0.061105407774448395, 0.05409212410449982, 0.05278133973479271, 0.04982045665383339, 0.04926539212465286, 0.04958556964993477, 0.050190530717372894], "f1-score": [0.5927223563194275, 0.7946033477783203, 0.808392345905304, 0.8424146175384521, 0.8406699895858765, 0.8605599999427795, 0.8606520295143127, 0.8660245537757874, 0.8767326474189758, 0.8758029937744141, 0.885983407497406, 0.8884068727493286, 0.9016962051391602, 0.8927282094955444, 0.9006407260894775, 0.8986846208572388], "precision_1": [0.6820470690727234, 0.8208056092262268, 0.8292587995529175, 0.8569754958152771, 0.8541954159736633, 0.8720335960388184, 0.8708702921867371, 0.8762170672416687, 0.8855004906654358, 0.8852981328964233, 0.8948315382003784, 0.8969584703445435, 0.9072459936141968, 0.8995696902275085, 0.9066324234008789, 0.9050010442733765], "recall_1": [0.5240852236747742, 0.7700222730636597, 0.7885502576828003, 0.8283401131629944, 0.8275662660598755, 0.8493843674659729, 0.8506708145141602, 0.8560664653778076, 0.8681368827819824, 0.8665093779563904, 0.87730872631073, 0.8800166249275208, 0.8962140679359436, 0.8859900832176208, 0.8947275876998901, 0.8924556374549866], "accuracy": [0.61946040391922, 0.7994122505187988, 0.8115224242210388, 0.8442724347114563, 0.8421527147293091, 0.8616517782211304, 0.8615472912788391, 0.8669407963752747, 0.877215564250946, 0.8765259385108948, 0.8864659667015076, 0.8888695240020752, 0.90192049741745, 0.8931228518486023, 0.9008756875991821, 0.8989126682281494], "mean_iou": [0.45038342475891113, 0.6648029088973999, 0.686863124370575, 0.7317067980766296, 0.7311646342277527, 0.7598514556884766, 0.7577874660491943, 0.7708462476730347, 0.7778593897819519, 0.7822949886322021, 0.7955440282821655, 0.8058921694755554, 0.8155867457389832, 0.811495304107666, 0.8203864097595215, 0.8186608552932739], "val_loss": [1.4530916213989258, 0.7610771656036377, 0.6382200717926025, 0.38628506660461426, 0.38975057005882263, 0.3485558331012726, 0.30830711126327515, 0.3322698175907135, 0.265383780002594, 0.27219995856285095, 0.23491065204143524, 0.3458976447582245, 0.25078508257865906, 0.3214033544063568, 0.24467311799526215, 0.299789160490036], "val_f1-score": [0.5597645044326782, 0.7891444563865662, 0.793749213218689, 0.8748914003372192, 0.8614097833633423, 0.8745105862617493, 0.8894736766815186, 0.8772755265235901, 0.9001365303993225, 0.8977121114730835, 0.9142947793006897, 0.8808494806289673, 0.9128498435020447, 0.8870269656181335, 0.9172551035881042, 0.8938335180282593], "val_precision_1": [0.566483736038208, 0.7990688681602478, 0.8024861216545105, 0.8804237842559814, 0.8690545558929443, 0.8789358139038086, 0.8935680389404297, 0.8807967901229858, 0.9031693935394287, 0.9009398221969604, 0.916946530342102, 0.8856102228164673, 0.9143982529640198, 0.8912366032600403, 0.918643057346344, 0.896363377571106], "val_recall_1": [0.553202748298645, 0.7794635891914368, 0.7852005958557129, 0.8694279789924622, 0.8538984060287476, 0.8701297044754028, 0.8854166865348816, 0.8737823963165283, 0.8971239328384399, 0.8945075869560242, 0.9116584062576294, 0.8761395812034607, 0.9113065600395203, 0.8828569650650024, 0.9158714413642883, 0.8913179636001587], "val_accuracy": [0.5618658661842346, 0.7882028222084045, 0.7943435311317444, 0.8749784231185913, 0.862038254737854, 0.8745311498641968, 0.8897895216941833, 0.8771761655807495, 0.9002252817153931, 0.8976417183876038, 0.9142078757286072, 0.8811598420143127, 0.9127530455589294, 0.8873079419136047, 0.9171746969223022, 0.8938145041465759], "val_mean_iou": [0.3794209361076355, 0.521292507648468, 0.5350608229637146, 0.6355389952659607, 0.63798588514328, 0.6519794464111328, 0.676579475402832, 0.6560124158859253, 0.6927282214164734, 0.6869405508041382, 0.714004397392273, 0.6657833456993103, 0.7104916572570801, 0.6721218824386597, 0.7175118327140808, 0.6799535155296326], "lr": [9.999999747378752e-05, 9.999999747378752e-05, 9.999999747378752e-05, 9.999999747378752e-05, 9.999999747378752e-05, 9.999999747378752e-05, 9.999999747378752e-05, 9.999999747378752e-05, 9.999999747378752e-05, 9.999999747378752e-05, 9.999999747378752e-05, 9.999999747378752e-05, 9.999999747378752e-05, 9.999999747378752e-05, 9.999999747378752e-05, 9.999999747378752e-05]}