{"loss": [1.0329939126968384, 0.7888709902763367, 0.7069873213768005, 0.6011306643486023], "f1-score": [0.35111337900161743, 0.5976407527923584, 0.6952411532402039, 0.798288106918335], "accuracy": [0.4522668719291687, 0.6900515556335449, 0.7672770619392395, 0.8370108008384705], "mean_iou": [0.2576356530189514, 0.38287895917892456, 0.3946797251701355, 0.45318716764450073], "val_loss": [0.47122764587402344, 0.4739205837249756, 0.5799863934516907, 0.6628434062004089], "val_f1-score": [0.7978750467300415, 0.8110312223434448, 0.7170875072479248, 0.6239380240440369], "val_accuracy": [0.8183366060256958, 0.8427627086639404, 0.8405203223228455, 0.8303273916244507], "val_mean_iou": [0.3321787714958191, 0.4007837474346161, 0.47618192434310913, 0.4896784722805023], "lr": [9.999999747378752e-05, 9.999999747378752e-05, 9.999999747378752e-05, 9.999999747378752e-05]}