{"loss": [0.22236011922359467, 0.16530978679656982, 0.14134687185287476, 0.12492706626653671, 0.11565642803907394, 0.10331844538450241, 0.09418642520904541, 0.08625900745391846, 0.07822766900062561, 0.07708163559436798, 0.07206787914037704, 0.07023902237415314, 0.06542883813381195, 0.06789737194776535, 0.06317798793315887, 0.06307272613048553, 0.06271358579397202, 0.0588766448199749, 0.0572020523250103, 0.05308001488447189, 0.05831420421600342, 0.054189283400774, 0.051164958626031876, 0.04929925501346588, 0.05120161175727844, 0.051902417093515396], "f1-score": [0.3688948154449463, 0.5906820297241211, 0.6359123587608337, 0.7074286341667175, 0.7434658408164978, 0.7935845255851746, 0.8191496133804321, 0.8439193964004517, 0.8634634613990784, 0.8612453937530518, 0.8815353512763977, 0.8767419457435608, 0.8958564400672913, 0.8778887987136841, 0.8929948806762695, 0.8927474021911621, 0.8938735723495483, 0.9027768969535828, 0.9040282368659973, 0.9081807732582092, 0.9003065228462219, 0.9141722321510315, 0.9126405715942383, 0.9183207154273987, 0.9127352237701416, 0.9149295091629028], "precision_1": [0.4393302798271179, 0.6649322509765625, 0.7175214290618896, 0.786792516708374, 0.8176796436309814, 0.8538377285003662, 0.8707568049430847, 0.8870322108268738, 0.8956158757209778, 0.8927886486053467, 0.903203547000885, 0.9004345536231995, 0.9122061729431152, 0.8979840874671936, 0.9090633392333984, 0.9083971977233887, 0.908587634563446, 0.9161125421524048, 0.9165249466896057, 0.9192661643028259, 0.914077639579773, 0.9227884411811829, 0.923260509967804, 0.9265375137329102, 0.9217130541801453, 0.9237615466117859], "recall_1": [0.3179238438606262, 0.5313485264778137, 0.5709714889526367, 0.6426085233688354, 0.6816025376319885, 0.7412745952606201, 0.7733173370361328, 0.804803192615509, 0.8335394859313965, 0.8318551182746887, 0.8608824014663696, 0.8542640805244446, 0.8800824880599976, 0.8586731553077698, 0.8774846196174622, 0.8776276707649231, 0.8796284198760986, 0.8898237943649292, 0.8918676376342773, 0.8973594903945923, 0.8869442939758301, 0.9057154655456543, 0.902262270450592, 0.9102482199668884, 0.9039307236671448, 0.9062646627426147], "accuracy": [0.41792646050453186, 0.6102991700172424, 0.6540402770042419, 0.7251653075218201, 0.7602089643478394, 0.8078344464302063, 0.8319556713104248, 0.8554133176803589, 0.8715853691101074, 0.8693722486495972, 0.8863028883934021, 0.882026731967926, 0.8988809585571289, 0.8820688724517822, 0.8958285450935364, 0.8956966996192932, 0.8965620398521423, 0.9052093029022217, 0.9063411951065063, 0.9101957678794861, 0.9031179547309875, 0.915655791759491, 0.9147230386734009, 0.9197753667831421, 0.9145070910453796, 0.9165144562721252], "mean_iou": [0.23467180132865906, 0.4229993224143982, 0.48184022307395935, 0.5630857944488525, 0.6132373809814453, 0.6751964092254639, 0.7127947807312012, 0.7487751245498657, 0.7711767554283142, 0.7736708521842957, 0.7904578447341919, 0.79344242811203, 0.8126961588859558, 0.7919420599937439, 0.8119181990623474, 0.8121299147605896, 0.8145224452018738, 0.8266577124595642, 0.8316289186477661, 0.8324742317199707, 0.8272241950035095, 0.8390723466873169, 0.8472732901573181, 0.8489424586296082, 0.8456209897994995, 0.8448657393455505], "val_loss": [2.5777969360351562, 2.79050612449646, 2.2418954372406006, 1.3893423080444336, 0.9273738861083984, 0.9557580351829529, 0.673923671245575, 0.6331896185874939, 0.6436949372291565, 0.5338376760482788, 0.3903592526912689, 0.5205197930335999, 0.5139757990837097, 0.40060123801231384, 0.3867906630039215, 0.47983407974243164, 0.3485335409641266, 0.4385526776313782, 0.32423239946365356, 0.3169957101345062, 0.24256257712841034, 0.29854223132133484, 0.2841135859489441, 0.37846484780311584, 0.4267837107181549, 0.4405437409877777], "val_f1-score": [0.04687773808836937, 0.2091163694858551, 0.23827119171619415, 0.37580010294914246, 0.5308843851089478, 0.6175403594970703, 0.8206311464309692, 0.8526077270507812, 0.8368200659751892, 0.8734167218208313, 0.9007792472839355, 0.8705105781555176, 0.8610259890556335, 0.8776275515556335, 0.8877424001693726, 0.8544735312461853, 0.8828057646751404, 0.8437226414680481, 0.8840598464012146, 0.8971608877182007, 0.9145070910453796, 0.8920168876647949, 0.899308979511261, 0.8642797470092773, 0.8528957366943359, 0.8582948446273804], "val_precision_1": [0.0476076640188694, 0.21444527804851532, 0.2499779313802719, 0.4023979604244232, 0.5921194553375244, 0.6697540283203125, 0.8661777973175049, 0.8862863779067993, 0.8697412610054016, 0.9066588282585144, 0.9176363945007324, 0.8926904201507568, 0.8779157996177673, 0.8972691297531128, 0.9011212587356567, 0.8706564903259277, 0.8942788243293762, 0.8578563332557678, 0.8937285542488098, 0.9057300090789795, 0.9229801893234253, 0.8997317552566528, 0.9078783988952637, 0.87181156873703, 0.8606876730918884, 0.8653519749641418], "val_recall_1": [0.04616985470056534, 0.2040458768606186, 0.22761185467243195, 0.35250043869018555, 0.48112764954566956, 0.5728790163993835, 0.7796351909637451, 0.8213948607444763, 0.806300163269043, 0.8425257802009583, 0.8845304250717163, 0.8494061827659607, 0.8447737693786621, 0.858827531337738, 0.8747549057006836, 0.838881254196167, 0.8716234564781189, 0.8300473093986511, 0.8745979070663452, 0.8887524008750916, 0.9061881899833679, 0.8844331502914429, 0.8908997178077698, 0.8568769097328186, 0.845243513584137, 0.8513518571853638], "val_accuracy": [0.05495113134384155, 0.22246940433979034, 0.2577192485332489, 0.4063664972782135, 0.5761522650718689, 0.6441670656204224, 0.8343074321746826, 0.8592854738235474, 0.8457514047622681, 0.8807519674301147, 0.9029108881950378, 0.8744560480117798, 0.863695502281189, 0.8808057904243469, 0.8896428942680359, 0.8572390675544739, 0.8847195506095886, 0.8468108773231506, 0.8859282732009888, 0.8993479609489441, 0.9165495038032532, 0.8941788077354431, 0.9013264775276184, 0.8666132092475891, 0.8551361560821533, 0.8601125478744507], "val_mean_iou": [0.0295936968177557, 0.19964802265167236, 0.2261200249195099, 0.33673959970474243, 0.43444550037384033, 0.46812307834625244, 0.6175308227539062, 0.639522910118103, 0.6294485926628113, 0.6672579646110535, 0.6970178484916687, 0.6595432758331299, 0.6500771641731262, 0.6671433448791504, 0.6778943538665771, 0.6378268003463745, 0.6708539724349976, 0.6227254271507263, 0.6652194261550903, 0.6912411451339722, 0.7154579162597656, 0.6827065944671631, 0.6947367191314697, 0.6526944637298584, 0.6343481540679932, 0.6433535814285278], "lr": [9.999999747378752e-05, 9.999999747378752e-05, 9.999999747378752e-05, 9.999999747378752e-05, 9.999999747378752e-05, 9.999999747378752e-05, 9.999999747378752e-05, 9.999999747378752e-05, 9.999999747378752e-05, 9.999999747378752e-05, 9.999999747378752e-05, 9.999999747378752e-05, 9.999999747378752e-05, 9.999999747378752e-05, 9.999999747378752e-05, 9.999999747378752e-05, 9.999999747378752e-05, 9.999999747378752e-05, 9.999999747378752e-05, 9.999999747378752e-05, 9.999999747378752e-05, 9.999999747378752e-05, 9.999999747378752e-05, 9.999999747378752e-05, 9.999999747378752e-05, 9.999999747378752e-05]}