{"loss": [0.17267633974552155, 0.1176835298538208, 0.1126948669552803, 0.0980328842997551, 0.0902065858244896, 0.08192311227321625, 0.07813014090061188, 0.07325917482376099, 0.07017703354358673, 0.06798596680164337, 0.06168624758720398, 0.06333984434604645, 0.05644921213388443, 0.06014762073755264, 0.05358797684311867, 0.058280542492866516, 0.05145762860774994, 0.04918893054127693, 0.04810960963368416, 0.04629505053162575, 0.046692121773958206, 0.04389668256044388, 0.04878018796443939, 0.04508906602859497], "f1-score": [0.4982658326625824, 0.7226417660713196, 0.7471745610237122, 0.7990982532501221, 0.8213746547698975, 0.8474928140640259, 0.8495161533355713, 0.8651103973388672, 0.8789147138595581, 0.8754727840423584, 0.8953728079795837, 0.8841632604598999, 0.9060140252113342, 0.8875290751457214, 0.9114770889282227, 0.8957041501998901, 0.9091525673866272, 0.9133824110031128, 0.9189602732658386, 0.919766366481781, 0.9203366637229919, 0.9242759346961975, 0.9155024290084839, 0.9228314161300659], "precision_1": [0.6384308934211731, 0.8275023102760315, 0.824825644493103, 0.8583068251609802, 0.8684292435646057, 0.8827898502349854, 0.8803728222846985, 0.8931075930595398, 0.898556113243103, 0.895332932472229, 0.9094604849815369, 0.9007651805877686, 0.917387068271637, 0.9005805850028992, 0.9214967489242554, 0.9073776006698608, 0.9191601872444153, 0.9216663837432861, 0.9266005754470825, 0.9260720014572144, 0.9271590709686279, 0.9297069907188416, 0.9216738343238831, 0.9281956553459167], "recall_1": [0.4085666239261627, 0.6413680911064148, 0.6828860640525818, 0.7475312352180481, 0.7791571021080017, 0.814909815788269, 0.8207491636276245, 0.8388152122497559, 0.8601136803627014, 0.8564746379852295, 0.881714940071106, 0.8681620359420776, 0.8949196338653564, 0.8748505711555481, 0.9016730785369873, 0.8843272924423218, 0.8993605375289917, 0.9052460789680481, 0.9114450216293335, 0.9135462641716003, 0.9136138558387756, 0.9189078211784363, 0.9094130992889404, 0.9175288677215576], "accuracy": [0.5665686726570129, 0.7580960988998413, 0.7729300260543823, 0.8179348707199097, 0.8339971899986267, 0.8560056686401367, 0.8563698530197144, 0.8711051940917969, 0.8827134966850281, 0.8791996836662292, 0.897940993309021, 0.8872594833374023, 0.9079140424728394, 0.8900114893913269, 0.9128944277763367, 0.8974785804748535, 0.9107946753501892, 0.914872944355011, 0.9202238917350769, 0.9207296371459961, 0.9213106036186218, 0.9250458478927612, 0.9163215160369873, 0.9235249757766724], "mean_iou": [0.39525431394577026, 0.6050752401351929, 0.629439115524292, 0.6904191970825195, 0.715752124786377, 0.7489225268363953, 0.7504327297210693, 0.7750672101974487, 0.7878566980361938, 0.7884665727615356, 0.8117020130157471, 0.8022124171257019, 0.8267791271209717, 0.8075499534606934, 0.8392810821533203, 0.8151777982711792, 0.8380991220474243, 0.8443033695220947, 0.8539466857910156, 0.8522825241088867, 0.8578284978866577, 0.8577319979667664, 0.849634051322937, 0.85679030418396], "val_loss": [0.821892261505127, 0.7150494456291199, 0.6597844362258911, 0.5467607378959656, 0.4492276608943939, 0.35988327860832214, 0.4091024100780487, 0.3446614742279053, 0.35435226559638977, 0.30614781379699707, 0.2927323281764984, 0.2339848279953003, 0.21224470436573029, 0.22162096202373505, 0.2236344814300537, 0.1982303410768509, 0.19030873477458954, 0.22769534587860107, 0.1698334664106369, 0.18865294754505157, 0.2702007293701172, 0.27798715233802795, 0.4019952416419983, 0.50827556848526], "val_f1-score": [0.47597843408584595, 0.5858578085899353, 0.6524636149406433, 0.7641490697860718, 0.8326698541641235, 0.8931223750114441, 0.8792039155960083, 0.9048014879226685, 0.8970745205879211, 0.9157605171203613, 0.9106969237327576, 0.9386729001998901, 0.935102105140686, 0.940420389175415, 0.932157039642334, 0.9366739988327026, 0.9335543513298035, 0.9319744110107422, 0.9400280714035034, 0.9374707341194153, 0.9171329736709595, 0.9184200763702393, 0.9059999585151672, 0.8947933316230774], "val_precision_1": [0.7785739302635193, 0.7921633124351501, 0.834420382976532, 0.8766527771949768, 0.9050664901733398, 0.9392901659011841, 0.9245111346244812, 0.930731475353241, 0.9214085340499878, 0.9355286955833435, 0.9239693880081177, 0.952325701713562, 0.943156898021698, 0.9498299360275269, 0.9399235248565674, 0.9420140981674194, 0.9375550746917725, 0.9373344779014587, 0.9437077045440674, 0.9421274662017822, 0.9214115142822266, 0.9221945405006409, 0.9099864363670349, 0.8994603157043457], "val_recall_1": [0.3427625298500061, 0.4648067355155945, 0.5356563925743103, 0.6772369742393494, 0.7709974050521851, 0.8512804508209229, 0.8381298184394836, 0.8802770972251892, 0.8739926218986511, 0.8968103528022766, 0.8978003263473511, 0.9254060387611389, 0.9271838068962097, 0.9311954379081726, 0.924517810344696, 0.9313941597938538, 0.9295875430107117, 0.9266753196716309, 0.9363770484924316, 0.9328598976135254, 0.912894070148468, 0.9146762490272522, 0.9020482897758484, 0.8901745676994324], "val_accuracy": [0.549876868724823, 0.6749507784843445, 0.7159123420715332, 0.8002880215644836, 0.8529186844825745, 0.9112296104431152, 0.8972489833831787, 0.9143693447113037, 0.9062376618385315, 0.9217192530632019, 0.914534866809845, 0.9420926570892334, 0.9366439580917358, 0.9420632719993591, 0.9334893822669983, 0.9373461008071899, 0.9340007901191711, 0.9328573346138, 0.9403435587882996, 0.938005268573761, 0.9173927903175354, 0.9186094999313354, 0.9062991142272949, 0.8952092528343201], "val_mean_iou": [0.3281630277633667, 0.44101428985595703, 0.4818999767303467, 0.573275089263916, 0.6415057182312012, 0.7199373245239258, 0.70862877368927, 0.7253538966178894, 0.7137824892997742, 0.7349905967712402, 0.7247136831283569, 0.7771698832511902, 0.7643716335296631, 0.7757798433303833, 0.7591071128845215, 0.7623153924942017, 0.7589786052703857, 0.763943612575531, 0.7689007520675659, 0.7679333686828613, 0.7226132750511169, 0.7284046411514282, 0.7065086364746094, 0.6797396540641785], "lr": [9.999999747378752e-05, 9.999999747378752e-05, 9.999999747378752e-05, 9.999999747378752e-05, 9.999999747378752e-05, 9.999999747378752e-05, 9.999999747378752e-05, 9.999999747378752e-05, 9.999999747378752e-05, 9.999999747378752e-05, 9.999999747378752e-05, 9.999999747378752e-05, 9.999999747378752e-05, 9.999999747378752e-05, 9.999999747378752e-05, 9.999999747378752e-05, 9.999999747378752e-05, 9.999999747378752e-05, 9.999999747378752e-05, 9.999999747378752e-05, 9.999999747378752e-05, 9.999999747378752e-05, 9.999999747378752e-05, 9.999999747378752e-05]}