{"loss": [0.24041038751602173, 0.1826181709766388, 0.16079403460025787, 0.13487032055854797, 0.11648527532815933, 0.10999041050672531, 0.09304218739271164, 0.09020248055458069, 0.08558046072721481, 0.08119149506092072, 0.07063840329647064, 0.07928040623664856, 0.06652531772851944, 0.0689706802368164, 0.0592852458357811, 0.06512109190225601, 0.05648072808980942, 0.06124404817819595, 0.055806394666433334, 0.05217206850647926, 0.05279611051082611, 0.04722632095217705, 0.047568462789058685, 0.04266166687011719, 0.04696729779243469, 0.04544194042682648, 0.043009355664253235, 0.04170461744070053, 0.04017537832260132, 0.040728747844696045, 0.04031079635024071, 0.04276254400610924, 0.040420133620500565, 0.038584284484386444, 0.03869840130209923, 0.03725816681981087, 0.03918161243200302, 0.03237992897629738, 0.035380806773900986, 0.03419588878750801], "f1-score": [0.2871812582015991, 0.45773327350616455, 0.5099555253982544, 0.6728216409683228, 0.7574151754379272, 0.793861448764801, 0.8460751175880432, 0.8593267798423767, 0.8622149229049683, 0.8687785863876343, 0.8906170725822449, 0.8712378740310669, 0.895950973033905, 0.8886781334877014, 0.9041647911071777, 0.8960818648338318, 0.9121665954589844, 0.9031994938850403, 0.9118340015411377, 0.9161643981933594, 0.9185070395469666, 0.9233528971672058, 0.9278312921524048, 0.9286337494850159, 0.9248706698417664, 0.9275308847427368, 0.9306552410125732, 0.9312070608139038, 0.938300371170044, 0.9330605268478394, 0.9318991303443909, 0.9325365424156189, 0.9342605471611023, 0.9369331002235413, 0.9364460110664368, 0.9398292899131775, 0.9384985566139221, 0.9482384324073792, 0.9441360831260681, 0.9419798851013184], "precision_1": [0.3705368936061859, 0.6519265174865723, 0.748909056186676, 0.8865587115287781, 0.898849368095398, 0.9010528326034546, 0.9090443849563599, 0.913576066493988, 0.9044724702835083, 0.9097894430160522, 0.9205588102340698, 0.9067849516868591, 0.9202367663383484, 0.9161146283149719, 0.9256707429885864, 0.918808102607727, 0.9308817386627197, 0.9225861430168152, 0.9297961592674255, 0.9322928786277771, 0.9341639876365662, 0.9363170266151428, 0.9414464831352234, 0.9391297698020935, 0.9370399117469788, 0.9377654790878296, 0.9405748248100281, 0.9412245750427246, 0.9468432068824768, 0.9413160681724548, 0.9402714967727661, 0.941834568977356, 0.9419985413551331, 0.9449931979179382, 0.9430083632469177, 0.9464446306228638, 0.9446316957473755, 0.9534013867378235, 0.9492859840393066, 0.9472486972808838], "recall_1": [0.23444147408008575, 0.3526787757873535, 0.38660261034965515, 0.5421231985092163, 0.6544390320777893, 0.7094621658325195, 0.7912644147872925, 0.8111591339111328, 0.8237296342849731, 0.8313055634498596, 0.8625618815422058, 0.8383726477622986, 0.8729139566421509, 0.8628372550010681, 0.883635401725769, 0.8744528889656067, 0.894189178943634, 0.8846107721328735, 0.8945525288581848, 0.9005845189094543, 0.9033662676811218, 0.910742998123169, 0.9146041870117188, 0.918369710445404, 0.9130133390426636, 0.9175173044204712, 0.9209425449371338, 0.9214007258415222, 0.9299104809761047, 0.9249485731124878, 0.9236747622489929, 0.9234203100204468, 0.9266486167907715, 0.9290093779563904, 0.9299745559692383, 0.9333056211471558, 0.9324445724487305, 0.9431310892105103, 0.9390418529510498, 0.9367695450782776], "accuracy": [0.35604608058929443, 0.5160141587257385, 0.5907766222953796, 0.7475454211235046, 0.8073092103004456, 0.8268229365348816, 0.8617187738418579, 0.870281994342804, 0.8705609440803528, 0.8772518634796143, 0.8955426812171936, 0.8779879808425903, 0.9006916880607605, 0.8934834599494934, 0.9082311391830444, 0.9006121158599854, 0.9160322546958923, 0.9067898392677307, 0.915102481842041, 0.9192050695419312, 0.9217208027839661, 0.9254229664802551, 0.9305076003074646, 0.9304236173629761, 0.9271128177642822, 0.9291569590568542, 0.9324034452438354, 0.9328920245170593, 0.9398317337036133, 0.9344002604484558, 0.9328921437263489, 0.9340505599975586, 0.9353151917457581, 0.9383053183555603, 0.9373242259025574, 0.940847635269165, 0.939185619354248, 0.9489200115203857, 0.9448495507240295, 0.942752480506897], "mean_iou": [0.18248021602630615, 0.3123376965522766, 0.4140753746032715, 0.5922280550003052, 0.6752971410751343, 0.7053648233413696, 0.7558550834655762, 0.771816611289978, 0.7685925960540771, 0.7836594581604004, 0.8090686798095703, 0.7848038077354431, 0.8149589896202087, 0.8093352317810059, 0.8322658538818359, 0.8219243884086609, 0.8446497917175293, 0.8301424980163574, 0.844518780708313, 0.8502802848815918, 0.8569188117980957, 0.8598939180374146, 0.8732804656028748, 0.8687442541122437, 0.8679654002189636, 0.8665409088134766, 0.8753260374069214, 0.8761370182037354, 0.8865064978599548, 0.8792228698730469, 0.8730799555778503, 0.8815285563468933, 0.8731002807617188, 0.8878631591796875, 0.8807432055473328, 0.8909114599227905, 0.8838953971862793, 0.903985857963562, 0.8955911993980408, 0.8932660818099976], "val_loss": [4.241738796234131, 3.9258506298065186, 2.36285662651062, 1.3857007026672363, 0.8501223921775818, 0.6694585680961609, 0.4946517050266266, 0.4221322536468506, 0.40769368410110474, 0.3324899673461914, 0.27492281794548035, 0.4228101372718811, 0.23414276540279388, 0.27926331758499146, 0.22504973411560059, 0.3151934742927551, 0.2192661613225937, 0.22180543839931488, 0.21211504936218262, 0.21162252128124237, 0.20970621705055237, 0.2824088931083679, 0.1975233554840088, 0.19942964613437653, 0.19707076251506805, 0.16654804348945618, 0.22582927346229553, 0.1783657968044281, 0.15410830080509186, 0.17185762524604797, 0.15988792479038239, 0.17473141849040985, 0.14953120052814484, 0.1885453462600708, 0.13972054421901703, 0.19960859417915344, 0.13133056461811066, 0.17397503554821014, 0.1683034896850586, 0.1903436928987503], "val_f1-score": [0.3284190893173218, 0.3346242308616638, 0.3451198637485504, 0.39186349511146545, 0.5250747203826904, 0.6589979529380798, 0.845203161239624, 0.9083991050720215, 0.9226072430610657, 0.9389008283615112, 0.9473980069160461, 0.9254767298698425, 0.9503415822982788, 0.9434813857078552, 0.9522514939308167, 0.9309400916099548, 0.9494199156761169, 0.9451631903648376, 0.9454835653305054, 0.9448378682136536, 0.9438089728355408, 0.9191897511482239, 0.9443824887275696, 0.9408761858940125, 0.946489155292511, 0.9529964327812195, 0.9307478666305542, 0.9429858326911926, 0.9526836276054382, 0.9476351737976074, 0.9456157684326172, 0.938361406326294, 0.9492598176002502, 0.936621904373169, 0.9559094309806824, 0.9360085129737854, 0.9550105333328247, 0.9374045729637146, 0.9397506713867188, 0.9337676167488098], "val_precision_1": [0.33042973279953003, 0.3399637043476105, 0.36499297618865967, 0.4641188383102417, 0.7612252831459045, 0.8923657536506653, 0.9578346610069275, 0.9641206860542297, 0.9510043263435364, 0.9664654731750488, 0.9666160941123962, 0.9496749639511108, 0.9646977186203003, 0.9582740664482117, 0.9671409726142883, 0.9453029036521912, 0.9620236754417419, 0.9569780230522156, 0.9558796882629395, 0.9555253982543945, 0.9544118642807007, 0.931139349937439, 0.9542309045791626, 0.9490246772766113, 0.9547579884529114, 0.9592698812484741, 0.9390019178390503, 0.9500126838684082, 0.9579890966415405, 0.953037679195404, 0.9509459137916565, 0.9443069100379944, 0.9538556933403015, 0.9421151876449585, 0.9594064950942993, 0.9404407739639282, 0.9586870670318604, 0.9417166709899902, 0.9443134665489197, 0.9386032223701477],